<?xml version="1.0" encoding="UTF-8"?>
<project-private xmlns="http://www.netbeans.org/ns/project-private/1">
    <editor-bookmarks xmlns="http://www.netbeans.org/ns/editor-bookmarks/2" lastBookmarkId="0"/>
    <open-files xmlns="http://www.netbeans.org/ns/projectui-open-files/2">
        <group>
            <file>file:/C:/Users/Aliza%20Nisar/Documents/NetBeansProjects/RailwayReservation/src/Railway/main.java</file>
            <file>file:/C:/Users/Aliza%20Nisar/Documents/NetBeansProjects/RailwayReservation/src/Railway/business.java</file>
            <file>file:/C:/Users/Aliza%20Nisar/Documents/NetBeansProjects/RailwayReservation/src/Railway/railwayy.java</file>
            <file>file:/C:/Users/Aliza%20Nisar/Documents/NetBeansProjects/RailwayReservation/src/Railway/welcome.java</file>
            <file>file:/C:/Users/Aliza%20Nisar/Documents/NetBeansProjects/RailwayReservation/src/Railway/connect.java</file>
            <file>file:/C:/Users/Aliza%20Nisar/Documents/NetBeansProjects/RailwayReservation/src/Railway/economy.java</file>
        </group>
    </open-files>
</project-private>
